adj_abs_diff_mean,adj_abs_diff_median,cluster_mismatch_rate,plate_key,plateid,elution,n_wells,n_missing_admixedness,n_missing_dominant_cluster,n_neighbor_pairs
0.02023759117647059,0.00411349999999999,0.11764705882352941,Mix-A_005_E1|1,Mix-A_005_E1,1,24,0,0,68
0.011732383333333336,0.006862949999999977,0,Mix-C_005_E1|1,Mix-C_005_E1,1,8,0,0,12
0.06013534848484848,0.045348200000000005,0,Mix-C_008_E1|1,Mix-C_008_E1,1,43,1,1,138
0.049509263333333345,0.05157230000000007,0,Mix-C_010_E1|1,Mix-C_010_E1,1,22,0,0,60
0.08307731629629629,0.03332600000000008,0.2074074074074074,Och-A_001_E1|1,Och-A_001_E1,1,77,0,0,270
0.017398679569892477,2.2079999999990996e-4,0,Och-C_001_E1|1,Och-C_001_E1,1,96,32,32,344
0.04736420652173912,0.03132309999999992,0,Och-C_002_E1|1,Och-C_002_E1,1,74,33,33,258
