plate_key,plateid,elution,adj_abs_diff_mean_obs,adj_abs_diff_mean_perm_mean,adj_abs_diff_mean_perm_sd,adj_abs_diff_mean_p_value,adj_abs_diff_median_obs,adj_abs_diff_median_perm_mean,adj_abs_diff_median_perm_sd,adj_abs_diff_median_p_value,cluster_mismatch_obs,cluster_mismatch_perm_mean,cluster_mismatch_perm_sd,cluster_mismatch_p_value
Mix-A_005_E1|1,Mix-A_005_E1,1,0.02023759117647059,0.03443363810882352,0.004355757199197102,0.003,0.00411349999999999,0.0061179636000000155,0.0010916181989836919,0.056,0.11764705882352941,0.22861764705882354,0.034461299740371265,0.002
Mix-C_005_E1|1,Mix-C_005_E1,1,0.015033950000000013,0.01815818351666667,0.0035724943769445162,0.413,0.008005499999999992,0.016598376399999996,0.00453314323898254,0.068,0,0,0,1
Mix-C_008_E1|1,Mix-C_008_E1,1,0.06188480606060606,0.07551660824242425,0.005922109986513724,0.022,0.03812330000000004,0.04526649595,0.00612600609558579,0.253,0,0,0,1
Mix-C_010_E1|1,Mix-C_010_E1,1,0.1497673466666667,0.1477685005,0.017211020252158406,0.917,0.12172605000000003,0.1332518286,0.031194847686698737,0.787,0.4,0.5078666666666667,0.08677609169633124,0.258
Och-A_001_E1|1,Och-A_001_E1,1,0.08307731629629629,0.1044128213511111,0.0058258617546042835,0.001,0.03332600000000008,0.058544086999999995,0.005961908417239112,0,0.2074074074074074,0.24815555555555555,0.022936169059279754,0.076
Och-C_001_E1|1,Och-C_001_E1,1,0.09241824838709678,0.10672710006236559,0.007843962033619336,0.069,0.05532499999999996,0.0634117069,0.00761205858632894,0.295,0.3763440860215054,0.41036559139784945,0.04451436576717002,0.467
Och-C_002_E1|1,Och-C_002_E1,1,0.09387550652173914,0.10073544125652174,0.00972637163813596,0.481,0.08009065000000004,0.08207904804999999,0.012075448379232268,0.873,0.41304347826086957,0.4731086956521739,0.07051442207373866,0.422
