plate_key,plateid,elution,adj_abs_diff_mean_obs,adj_abs_diff_mean_perm_mean,adj_abs_diff_mean_perm_sd,adj_abs_diff_mean_p_value,adj_abs_diff_median_obs,adj_abs_diff_median_perm_mean,adj_abs_diff_median_perm_sd,adj_abs_diff_median_p_value,cluster_mismatch_obs,cluster_mismatch_perm_mean,cluster_mismatch_perm_sd,cluster_mismatch_p_value
Mix-A_005_E1|1,Mix-A_005_E1,1,0.02023759117647059,0.034400937599999994,0.004158484061326248,0.001,0.00411349999999999,0.006176375500000014,0.0010954075381310617,0.052,0.11764705882352941,0.22647058823529412,0.03506569984654339,0.005
Mix-C_005_E1|1,Mix-C_005_E1,1,0.011732383333333336,0.033694447416666655,0.008275149711377655,0.003,0.006862949999999977,0.03246750894999999,0.010486100439511568,0.005,0,0,0,1
Mix-C_008_E1|1,Mix-C_008_E1,1,0.06013534848484848,0.06836408653787879,0.005130643982205347,0.108,0.045348200000000005,0.058477703400000004,0.006800249015419963,0.066,0,0,0,1
Mix-C_010_E1|1,Mix-C_010_E1,1,0.049509263333333345,0.04308531408666668,0.004583751997769142,0.149,0.05157230000000007,0.036064398450000014,0.006836897962961785,0.018,0,0,0,1
Och-A_001_E1|1,Och-A_001_E1,1,0.08307731629629629,0.10422490534518518,0.005575226757378094,0,0.03332600000000008,0.058210105799999995,0.0058890508740410295,0,0.2074074074074074,0.2484222222222222,0.023359274909795828,0.08
Och-C_001_E1|1,Och-C_001_E1,1,0.017398679569892477,0.02024709002688173,0.002379958362381546,0.228,2.2079999999990996e-4,0.0015603310999999637,0.0012803531802393034,0.502,0,0,0,1
Och-C_002_E1|1,Och-C_002_E1,1,0.04736420652173912,0.0586797441,0.005294887825924012,0.031,0.03132309999999992,0.0511578769,0.007949921618729356,0.011,0,0,0,1
